title,nizam,ceded,vizag,east,west,krishna,guntur,nellore,WW,month,director,producer,composer,cast
118,3.65,1.2,1.1,0.63,0.48,0.76,0.7,0.23,9.68,March,K.V. Guhan,East Coast Productions,Sekhar Chandra,"Nandamuri Kalyan Ram, Shalini Pandey, Nivetha Thomas, Nassar, Habib Al Aidroos"
A.. Aa..,12.9,4.2,4.22,2.39,1.98,2.2,2.5,0.98,47.44,June,Trivikram Srinivas,Haarika & Hassine Creations,Mickey J. Meyer,"Nithiin, Samantha Ruth Prabhu, Anupama Parameswaran, Nadia Moidu, V.K. Naresh"
Acharya,12.54,6.65,4.91,3.43,3.3,2.93,3.89,2.17,47.82,April,Koratala Siva,"Konidela Production Company, Matinee Entertainments",Mani Sharma,"Chiranjeevi, Ram Charan, Pooja Hegde, Sonu Sood, Jisshu Sengupta"
Adipurush,39.12,10.25,10.6,5.38,4.48,4.66,6.81,2.65,191.2,June,Om Raut,"RKB Creative, Retrophiles, T-Series Films",Ankit Balhara,"Prabhas, Kriti Sanon, Saif Ali Khan, Devdutta Nage, Vatsal Sheth"
Agnyaathavasi,10.3,5.25,5.5,4.23,2.74,3.27,5.09,2.25,57.61,January,Trivikram Srinivas,Haarika & Hassine Creations,Anirudh Ravichander,"Pawan Kalyan, Keerthy Suresh, Anu Emmanuel, Aadhi, Boman Irani"
Akhanda,20,14.8,6.3,4.1,3.55,3.57,4.8,2.6,70.02,December,Boyapati Srinu,Dwaraka Creations,S. Thaman,"Nandamuri Balakrishna, Pragya Jaiswal, Jagapathi Babu, Meka Srikanth, Avinash"
Ala Vaikunthapurramuloo,41.55,19.3,20.21,11.2,9,9.5,10.7,4.45,160.93,January,Trivikram Srinivas,"Geetha Arts, Haarika & Hassine Creations",S. Thaman,"Allu Arjun, Pooja Hegde, Tabu, Jayaram, Murli Sharma"
Antariksham,2.45,0.55,0.56,0.37,0.28,0.5,0.48,0.22,7.5,December,Sankalp Reddy,First Frame Entertainment,KBS Kasyap,"Varun Tej, Aditi Rao Hydari, Lavanya Tripathi, Akhil, Arjun Anand"
Aravindha Sametha,21,13.75,8.3,5.55,4.2,4.89,7.85,2.56,89.06,October,Trivikram Srinivas,Haarika & Hassine Creations,S. Thaman,"N.T. Rama Rao Jr., Pooja Hegde, Jagapathi Babu, Naveen Chandra, Supriya Pathak, Eesha Rebba"
Arjun Reddy,8.2,2.2,1.54,1.1,0.7,1.14,1.15,0.47,25.05,August,Sandeep Reddy Vanga,Bhadrakali Pictures,Radhan,"Vijay Deverakonda, Shalini Pandey, Jia Sharma, Kanchana, Sanjay Swaroop"
Baahubali 1,43.37,21.68,9.68,8.9,7.11,6.78,9.48,4.24,311.02,May,S.S. Rajamouli,Arka Mediaworks,M.M. Keeravani,"Prabhas, Rana Daggubati, Anushka Shetty, Tamannaah Bhatia, Sathyaraj"
Baahubali 2,66.6,34.7,26.47,17.05,12.35,14,18.02,8.03,813.67,June,S.S. Rajamouli,Arka Mediaworks,M.M. Keeravani,"Prabhas, Rana Daggubati, Anushka Shetty, Sathyaraj, Ramya Krishnan"
Baby,12.05,4.15,4.4,1.9,1.4,1.58,1.45,1.05,31.43,July,Sai Rajesh Neelam,Mass Movie Makers,Vijay Bulganin,"Anand Deverakonda, Vaishnavi Chaitanya, Viraj Ashwin, Kirrak Seetha, Kusuma Degalamarri"
Bangarraju,6,5.7,4.02,3.52,2.45,1.87,2.47,1.55,29.78,January,Kalyan Krishna,"Annapurna Studios, Zee Studios",Anup Rubens,"Nagarjuna Akkineni, Ramya Krishnan, Naga Chaitanya Akkineni, Krithi Shetty, Sampath Raj"
Bhagavanth Kesari,15.6,12.25,5.7,2.87,2.21,2.75,4.27,2.1,58.65,October,Anil Ravipudi,Shine Screens,S. Thaman,"Nandamuri Balakrishna, Arjun Rampal, Kajal Aggarwal, Sreeleela, R. Sarathkumar"
Bharat Ane Nenu,20.6,10.25,9.15,7.3,4.5,5.85,8.35,2.65,98.25,April,Koratala Siva,DVV Entertainment,Devi Sri Prasad,"Mahesh Babu, Kiara Advani, Prakash Raj, R. Sarathkumar, Aamani"
Bheemla Nayak,32.3,10.5,7.48,5.5,5.2,3.86,5.38,2.58,94.46,February,Saagar K Chandra,Sithara Entertainments,S. Thaman,"Pawan Kalyan, Rana Daggubati, Nithya Menen, Samyuktha Menon, Samuthirakani"
Bheeshma,7.6,2.85,2.53,1.42,1.16,1.3,1.57,0.6,23.8,February,Venky Kudumula,Sithara Entertainments,Mahati Swara Sagar,"Nithiin, Rashmika Mandanna, Anant Nag, Jisshu Sengupta"
Bhola Shankar,6.38,2.8,2.84,1.81,2.1,1.49,2.58,1.11,24.53,August,Meher Ramesh,"AK Entertainments, Creative Commercials",Mahati Swara Sagar,"Chiranjeevi, Tamannaah Bhatia, Keerthy Suresh, Raghu Babu, Sushanth"
Bimbisara,11.35,7.05,3.95,1.86,1.44,1.55,2.07,0.88,35.05,August,Mallidi Vasishta,NTR Arts,Chirantan Bhatt,"Nandamuri Kalyan Ram, Samyuktha Menon, Catherine Tresa, Srinivasa Reddy, Vennela Kishore"
Brahmotsavam,8.91,3.05,2.35,2.62,2.67,1.79,2.93,1.02,35.44,May,Srikanth Addala,"G. Mahesh Babu Entertainment, PVP Cinema",Mickey J. Meyer,"Mahesh Babu, Kajal Aggarwal, Samantha Ruth Prabhu, Pranitha Subhash, Sathyaraj"
Businessman,12.4,5.7,3.4,3.1,2.5,2.25,3.7,1.35,40.4,January,Puri Jagannadh,"RR Moviemakers, Rhodium Entertainments, ZEE Entertainment Enterprises",S. Thaman,"Mahesh Babu, Kajal Aggarwal, Prakash Raj, Ayesha Shiva, Sayaji Shinde"
Chitralahari,4.5,2.15,1.91,1.11,0.8,0.82,0.95,0.51,14.85,April,Thirumala Kishore,"Mythri Movie Makers, Goldmines Telefilms",Devi Sri Prasad,"Sai Dharam Tej, Kalyani Priyadarshan, Nivetha Pethuraj, Sunil, Vennela Kishore"
Dasara,25.85,4.77,4.6,2.21,1.45,2.12,2.45,1.02,63.58,March,Srikanth Odela,Sri Lakshmi Venkateshwara Cinemas,Santhosh Narayanan,"Nani, Keerthy Suresh, Shine Tom Chacko, Dheekshith Shetty, Samuthirakani"
Dear Comrade,6.78,1.15,1.68,1.34,0.89,0.77,1.06,0.52,21.44,July,Bharat Kamma,"Mythri Movie Makers, Big Ben Cinemas",Justin Prabhakaran,"Vijay Deverakonda, Rashmika Mandanna, Raj Arjun, Shruti Ramachandran, Suhas"
Devara - Part 1,46.4,27.1,15.8,7.85,6.31,7.8,10,5.3,207.01,September,Koratala Siva,"NTR Arts, Yuvasudha Arts",Anirudh Ravichander,"N.T. Rama Rao Jr., Janhvi Kapoor, Saif Ali Khan, Shruti Marathe, Manasi Verma"
Dhamaka,15.65,6.95,4.51,1.9,1.3,1.84,1.75,1,40.65,December,Trinadha Rao Nakkina,"People Media Factory, Abhishek Agarwal Arts, B4U Motion Pictures",Bheems Ceciroleo,"Ravi Teja, Sreeleela, Jayaram, Sachin Khedekar, Tanikella Bharani"
Dookudu,17.5,7.6,4.4,3,2.9,3.05,4.2,1.75,57,September,Sreenu Vaitla,"14 Reels Entertainment, Krishna Productions, HPR Entertainment",S. Thaman,"Mahesh Babu, Samantha Ruth Prabhu, Sonu Sood, Prakash Raj, Kota Srinivasa Rao"
Duvvada Jagannadham,20.16,10.3,7.11,4.8,4.02,4.03,5.44,2.35,72.3,June,Harish Shankar,Sri Venkateswara Creations,Devi Sri Prasad,"Allu Arjun, Pooja Hegde, Rao Ramesh, Subbaraju, Master Sathwik"
Ekkadiki Pothavu Chinnavada,5.2,1.75,1.45,0.9,0.85,1,1.1,0.45,16.53,November,Vi Anand,Meghana Arts,Sekhar Chandra,"Nikhil Siddharth, Hebah Patel, Nandita Shwetha, Avika Gor, Tanikella Bharani"
Evaru,3.62,0.82,1.11,0.57,0.33,0.66,0.51,0.21,10.3,August,Venkat Ramji,PVP Cinema,Sricharan Pakala,"Adivi Sesh, Regina Cassandra, Naveen Chandra, Murli Sharma, Dheeraj Aathreya"
F2,22.85,8.8,10.32,7.35,4.28,5.2,5.58,2.05,82.3,January,Anil Ravipudi,Sri Venkateswara Creations,Devi Sri Prasad,"Tamannaah Bhatia, Vennela Kishore, Nassar, Varun Tej, Prakash Raj"
F3,18.15,7,6.7,3.6,2.7,2.5,3.3,1.82,55.65,May,Anil Ravipudi,"Sri Venkateswara Creations, Goldmines Telefilms",Devi Sri Prasad,"Venkatesh Daggubati, Varun Tej, Tamannaah Bhatia, Mehreen Pirzada, Rajendra Prasad"
Fidaa,18,4.31,4.6,2.4,1.81,2.25,2.55,1.07,47.77,July,Sekhar Kammula,Sri Venkateswara Creations,J.B.,"Sai Pallavi, Varun Tej, Sai Chand, Saranya Pradeep, Raja Chembolu, Satyam Rajesh"
Gabbar Singh,19.5,9.3,5.5,3.75,3.43,3.18,4.35,2.05,60.16,May,Harish Shankar,Parameswara Arts,Devi Sri Prasad,"Pawan Kalyan, Shruti Haasan, Abhimanyu Singh, Kota Srinivasa Rao, Suhasini"
Gaddalakonda Ganesh,8.5,3.75,2.65,1.5,1.47,1.47,1.7,0.96,25.34,September,Harish Shankar,"14 Reels Plus, Goldmines Telefilms",Mickey J. Meyer,"Varun Tej, Atharvaa Murali, Mirnalini Ravi, Pooja Hegde, Gopal Krishna Akella"
Gautami Putra Satakarni,9.75,7.5,5.1,3.6,3.48,2.92,4.45,1.88,50.89,January,Radha Krishna Jagarlamudi,"First Frame Entertainment, Sarke Studio",Chirantan Bhatt,"Nandamuri Balakrishna, Hema Malini, Shriya Saran, Kabir Bedi, Tanikella Bharan"
Geetha Govindam,19.3,6.75,6,4.1,3.15,3.67,3.76,1.65,68.28,August,Parasuram,GA2 Pictures,Gopi Sundar,"Vijay Deverakonda, Rashmika Mandanna, Subbaraju, Mouryaani, Rahul Ramakrishna"
Godfather,12.95,9.5,6.1,3.85,6.1,3.85,2.4,3.14,2.3,October,Mohan Raja,"Konidela Production Company, Super Good Films",S. Thaman,"Chiranjeevi, Salman Khan, Nayanthara, Satyadev Kancharana, Parth Siddhpura"
Goodachari,3.25,0.6,1.05,0.55,0.3,0.68,0.43,0.2,10.34,August,Sashi Kiran Tikka,"Abhishek Agarwal Arts, Abhishek Pictures, People Media Factory",Sricharan Pakala,"Adivi Sesh, Sobhita Dhulipala, Jagapathi Babu, Prakash Raj, Irfan Ahmed Syed"
Guntur Karam,23.7,9.3,10.5,7.8,5.08,5.31,7.04,3.09,77.47,January,Trivikram Srinivas,"Haarika & Hassine Creations, Sithara Entertainments",S. Thaman,"Mahesh Babu, Sreeleela, Meenaakshi Chaudhary, Ramya Krishnan, Jayaram"
Guru,6.6,1.61,2.55,1.56,0.87,1.45,1.35,0.55,18.52,March,"Gagan Bhullar, Sudha Kongara",Y Not Studios,Santhosh Narayanan,"Venkatesh Daggubati, Ritika Singh, Mumtaz Sorcar, Nassar, Zakir Hussain"
Hanu Man,32.95,12.7,10.6,6.65,4.5,4.12,5.18,2.13,145.98,January,Prasanth Varma,Primeshow Entertainment,Anudeep Dev,"Teja Sajja, Amritha Aiyer, Varalaxmi Sarathkumar, Vinay Rai, Vennela Kishore"
Hello,4.5,2.15,1.35,0.77,0.7,1,1.2,0.54,17.62,December,Vikram K. Kumar,"Annapurna Studios, Manam Enterprises",Anup Rubens,"Akhil Akkineni, Kalyani Priyadarshan, Jagapathi Babu, Ramya Krishnan, Ajay"
Hello Guru Prema Kosame,7.6,2.85,2.9,1.42,0.95,1.26,1.55,0.63,20.98,October,Trinadha Rao Nakkina,Sri Venkateswara Creations,Devi Sri Prasad,"Ram Pothineni, Anupama Parameswaran, Pranitha Subhash, Prakash Raj, Aamani"
Hi Nanna,10.9,1.95,2.05,1.25,0.75,1.35,1.25,0.55,35.55,December,Shouryuv,Vyra Entertainments,Hesham Abdul Wahab,"Nani, Mrunal Thakur, Kiara Khanna, Nassar, Jayaram"
HIT: The 2nd Case,4.95,1,1.11,0.55,0.34,0.62,0.69,0.35,14.76,December,Sailesh Kolanu,"Wall Poster Cinema, B4U Motion Pictures",John Stewart Eduri,"Adivi Sesh, Meenaakshi Chaudhary, Rao Ramesh, Tanikella Bharani, Suhas"
Ism,3.35,1.9,1.38,0.7,0.62,0.75,1.06,0.35,11.34,October,Puri Jagannadh,NTR Arts,Anup Rubens,"Nandamuri Kalyan Ram, Aditi Arya, Jagapathi Babu, Tanikella Bharani, Ajay Ghosh"
iSmart Sankar,14,5.57,3.85,2.05,1.75,2.05,1.83,1.03,35.31,July,"Puri Jagannadh, A.R. Sreedhar","Puri Connects, Puri Jagannadh Touring Talkies",Mani Sharma,"Ram Pothineni, Satyadev Kancharana, Nabha Natesh, Nidhhi Agerwal, Puneet Issar"
Jai Lava Kusa,15.8,11.6,7.14,5.6,3.7,4.7,6.05,2.4,73.54,September,Bobby Kolli,NTR Arts,Devi Sri Prasad,"N.T. Rama Rao Jr., Raashi Khanna, Nivetha Thomas, Ronit Roy, Krishna Murali Posani"
Jai Simha,4.36,5.6,3.75,2.55,2.1,1.67,2.5,1.31,27.47,January,K.S. Ravikumar,CK Entertainments,Chirantan Bhatt,"Nandamuri Balakrishna, Nayanthara, Haripriya, Natasha Doshi, Prakash Raj"
Janatha Garage,18.95,11.7,7.41,4.7,4.05,4.41,5.75,2.32,80.05,September,Koratala Siva,Mythri Movie Makers,Devi Sri Prasad,"N.T. Rama Rao Jr., Mohanlal, Samantha Ruth Prabhu, Nithya Menen, Kajal Aggarwal"
Jathi Ratnalu,11.9,3.05,3.1,1.44,1.27,1.38,1.63,0.65,28.45,March,Anudeep K.V.,Swapna Cinema,Radhan,"Naveen Polishetty, Rahul Ramakrishna, Priyadarshi Pulikonda, Faria Abdullah, Keerthy Suresh"
Jaya Janaki Nayaka,5.49,4.3,3.04,1.68,1.3,1.35,1.72,0.95,21.73,August,Boyapati Srinu,Dwaraka Creations,Devi Sri Prasad,"Sai Srinivas Bellamkonda, Rakul Preet Singh, Jagapathi Babu, Pragya Jaiswal, R. Sarathkumar"
Jersey,9.75,2,2.7,1.55,1.05,1.58,0.152,0.7,28.25,April,Gowtam Tinnanuri,Sithara Entertainments,Anirudh Ravichander,"Nani, Shraddha Srinath, Sathyaraj, Ronit Kamra, Harish Kalyan"
Kalki,76.9,21.4,18.4,10.55,8.05,9.53,9.2,4.72,483.65,June,Nag Ashwin,Vyjayanthi Movies,Santhosh Narayanan,"Prabhas, Amitabh Bachchan, Kamal Haasan, Deepika Padukone, Disha Patani"
Karthikeya 2,12.2,4.95,4.72,2.32,1.64,2.28,2.44,1.13,56.53,August,Chandoo Mondeti,"Abhishek Agarwal Arts, People Media Factory",Kaala Bhairava,"Nikhil Siddharth, Anupama Parameswaran, Srinivasa Reddy, Harsha Chemudu, Adithya Menon"
Katama Rayudu,15.3,8.3,6.25,5.35,4.24,3.7,4.95,2.08,61.69,March,Kishore Kumar Pardasani,Northstar Entertainment,Anup Rubens,"Pawan Kalyan, Shruti Haasan, Ajay, Rao Ramesh, Mohammad Ali"
Khaidi No. 150,19.8,15.3,13.1,8.17,6.05,5.75,7.4,3.45,104.86,January,V.V. Vinayak,"Konidela Production Company, Lyca Productions",Devi Sri Prasad,"Chiranjeevi, Kajal Aggarwal, Tarun Arora, Mohammad Ali, Mahesh Achanta"
Krack,7.45,4.2,2.88,2.09,2.12,1.61,1.91,1.22,25.29,January,Gopichand Malineni,Saraswathi Films Division,Sonu Sinha,"Ravi Teja, Shruti Haasan, Sudhakar Komakula, Samuthirakani, Varalaxmi Sarathkumar"
Krishnarjuna Yuddham,5.15,1.55,1.45,0.93,0.65,0.92,1,0.49,14.49,April,Merlapaka Gandhi,"Aditya Movies, Shine Screens",Hiphop Tamizha Adhi,"Nani, Anupama Parameswaran, Rukshar Dhillon, Brahmaji, Devadarshini Chetan"
LIE,3.1,1.12,1.16,0.66,0.35,0.59,0.61,0.29,9.48,August,Hanu Raghavapudi,14 Reels Entertainment,Mani Sharma,"Nithiin, Megha Akash, Ravi Kishan, Prudhviraj, Brahmaji"
Love Story,10.2,3.45,1.91,1.35,0.9,1.1,1.29,0.69,26.94,September,Sekhar Kammula,"Amigos Creations, Sree Venkateswara Cinemas",Pawan Ch,"Naga Chaitanya Akkineni, Sai Pallavi, Rajeev Kanakala, Easwari Rao, Devayani"
Mahanati,11.8,2.72,4,2.52,1.61,2.38,2.15,0.86,46.1,May,Nag Ashwin,"Swapna Cinema, Vyjayanthi Movies",Mickey J. Meyer,"Keerthy Suresh, Dulquer Salmaan, Samantha Ruth Prabhu, Vijay Deverakonda, Rajendra Prasad, "
Mahanubhavudu,6,2.56,2.81,1.7,1.1,1.63,1.88,0.59,22.97,September,Maruthi Dasari,UV Creations,S. Thaman,"Sharwanand, Mehreen Pirzada, Nasser, Kalyani Natarajan, Vennela Kishore"
Maharshi,29,10.2,11.2,7.3,6.05,5.8,7.7,2.75,101.12,May,Vamshi Paidipally,"PVP Cinema, Sri Venkateswara Creations, Vyjayanthi Movies",Devi Sri Prasad,"Mahesh Babu, Allari Naresh, Pooja Hegde, Jagapathi Babu, Prakash Raj"
Majili,12.6,4.45,4.8,1.85,1.4,1.83,2.15,0.96,36.25,April,Shiva Nirvana,Shine Screens,Gopi Sundar,"Samantha Ruth Prabhu, Atul Kulkarni, Divyansha Kaushik, Suhas, Ankith Koyya"
Majnu,4.65,1.57,1.6,1.13,0.88,0.82,0.9,0.4,15.19,September,Virinchi Varma,"Anandi Art Creations, Keva Movies",Gopi Sundar,"Nani, Riya Suman, Anu Emmanuel, Priya Shri, Keshav Deepak"
MCA,14.22,5.25,2.1,2.45,1.81,2.11,1.26,1.08,39.84,December,Venu Sriram,"Sri Venkateswara Creations, Dil Raju Production",Devi Sri Prasad,"Nani, Sai Pallavi, Bhoomika Chawla, Rajeev Kanakala, Vijay Varma"
Mirchi,15.11,7.51,4.2,2.9,2.65,2.75,3.71,1.67,47.7,February,Koratala Siva,UV Creations,Devi Sri Prasad,"Prabhas, Anushka Shetty, Richa Langella, Sathyaraj, Nadia Moidu"
Most Eligible Bachelor,5.05,2.75,1.59,0.78,0.63,0.8,1.04,0.58,16.23,October,Bommarillu Baskar,GA2 Pictures,Gopi Sundar,"Akhil Akkineni, Pooja Hegde, Neha Shetty, Murli Sharma, V. Jayaprakash"
Mr. Majnu,3.19,1.08,1.01,0.56,0.43,0.66,0.92,0.26,10.21,January,Venky Atluri,"Goldmines Telefilms, Sri Venkateswara Cine Chitra",S. Thaman,"Akhil Akkineni, Nidhhi Agerwal, Izabelle Leite, Farah Karimaee, Raja Chembolu"
Naa Peru Surya,12.55,6.95,5.3,3.65,2.81,2.65,4.05,1.61,51.44,May,Vakkantham Vamsi,Ramalakshmi Cine Creations,Vishal Dadlani,"Allu Arjun, Arjun Sarja, R. Sarathkumar, Anu Emmanuel, Thakur Anoop Singh"
Naayak,11.75,7.95,5,3.21,2.76,2.35,2.67,2.04,47.38,January,V.V. Vinayak,"Universal Media, Goldmines Telefilms",S. Thaman,"Ram Charan, Kajal Aggarwal, Amala Paul, Brahmanandam, Pradeep Singh Rawat"
Nani's Gang Leader,6.6,1.75,2.25,1.33,1,1.2,1.24,0.57,22.23,September,Vikram K. Kumar,Mythri Movie Makers,Anirudh Ravichander,"Nani, Kartikeya Gummakonda, Lakshmi, Saranya Ponvannan, Priyanka Arulmohan"
Nannaku Prematho,11.48,6.75,3.89,3.12,2.47,2.38,3.3,1.55,53.59,January,Sukumar,"Reliance Entertainment, Sri Venkateswara Cine Chitra",Devi Sri Prasad,"N.T. Rama Rao Jr., Rakul Preet Singh, Jagapathi Babu, Rajendra Prasad, Rajeev Kanakala"
Nene Raju Nene Manthri,8.58,3.09,3,1.9,1,1.5,1.54,0.58,25.04,August,Teja,"Blue Planet Entertainments, Suresh Productions",Anup Rubens,"Rana Daggubati, Kajal Aggarwal, Catherine Tresa, Mahesh Achanta, Ajay"
Ninnu Kori,9.55,2.75,3.25,1.8,1.15,1.55,1.5,0.65,28.56,July,Shiva Nirvana,"DVV Entertainment, Kona Film Corporation",Gopi Sundar,"Nani, Nivetha Thomas, Aadhi, Tanikella Bharani, Murli Sharma"
NTR:Kathanayakudu,4,1.85,1.8,1.22,1.4,1.4,2.97,0.91,20.61,January,Radha Krishna Jagarlamudi,"Legend3D, NBK Films, Vaarahi Chalana Chitram",M.M. Keeravani,"Nandamuri Balakrishna, Vidya Balan, Kaikala Satyanarayana, Nandamuri Kalyan Ram, Rana Daggubati"
Oh Baby,5,1.65,1.87,0.8,0.7,1.04,0.85,0.4,18.15,February,Radha Krishna Jagarlamudi,"NBK Films, Vaarahi Chalana Chitram, Vibri Media",M.M. Keeravani,"Nandamuri Balakrishna, Sumanth, Krishna Akkulu, Doctor Ali, Anjali"
Om Namo Venkatesaya,2.9,1.19,0.92,0.58,0.5,0.48,0.76,0.35,10.05,February,K. Raghavendra Rao,Sai Krupa Entertainment,M.M. Keeravani,"Nagarjuna Akkineni, Saurabh Raj Jain, Anushka Shetty, Jagapathi Babu, Pragya Jaiswal"
Oopiri,8.45,3.26,3.03,1.95,1.3,1.73,2.14,0.85,52.3,March,Vamshi Paidipally,PVP Cinema,Gopi Sundar,"Nagarjuna Akkineni, Karthi, Tamannaah Bhatia, Prakash Raj, Jayasudha"
Padi Padi Leche Manasu,2.7,0.7,0.73,0.57,0.3,0.48,0.6,0.31,8.12,December,Hanu Raghavapudi,"Sri Lakshmi Venkateshwara Cinemas, Goldmines Telefilms",Vishal Chandrashekhar,"Sharwanand, Sai Pallavi, Sunil, Murli Sharma, Ravi Kale"
Paisa Vasool,3.95,4.4,1.73,1.37,0.98,1.18,2.2,0.74,18.72,September,Puri Jagannadh,Bhavya Creations,Anup Rubens,"Nandamuri Balakrishna, Shriya Saran, Vikramjeet Virk, Musskan Sethi, Kyra Dutt"
Pelli Choopulu,5.3,0.7,0.75,0.58,0.25,0.9,0.62,0.2,15.73,July,Tharun Bhascker Dhaassyam,"Dharmapath Creations, Big Ben Cinemas, Vinoothna Geetha",Vivek Sagar,"Abhay Bethiganti, Keshav Deepak, Vijay Deverakonda, Anish Kuruvilla, Padmaja Lanka"
Prathi Roju Pandage,11.75,3.77,4.4,2.01,1.53,2.01,1.86,0.9,33.08,December,Maruthi Dasari,"GA2 Pictures, Goldmines Telefilms, UV Creations",S. Thaman,"Sai Dharam Tej, Raashi Khanna, Sathyaraj, Rao Ramesh, Vijayakumar"
Pushpa Part 1,37.9,15,7.95,4.7,4.1,4.25,5.35,3.2,186.55,December,Sukumar,"Mythri Movie Makers, Muttamsetty Media",Devi Sri Prasad,"Allu Arjun, Fahadh Faasil, Rashmika Mandanna, Jagadeesh Prathap Bandari, Sunil"
Race Gurram,17.85,8.3,5.11,3.15,2.54,2.47,3.85,1.98,59.35,April,Surender Reddy,"Sri Lakshmi Narasimha Productions, Miraj Entertainment, ODU Movies",S. Thaman,"Allu Arjun, Shruti Haasan, Shaam, Ravi Kishan, Brahmanandam"
Racha,11.6,8.25,4.4,2.92,2.46,2.5,3.85,2.05,47.2,April,Sampath Nandi,"Mega Super Good Films, Goldmines Telefilms",Mani Sharma,"Ram Charan, Tamannaah Bhatia, Ajmal Ameer, Kota Srinivasa Rao, Nassar"
Raja the Great,11.35,4.15,3.91,2.09,1.66,1.82,1.9,0.95,31.04,October,Anil Ravipudi,Sri Venkateswara Creations,Sai Karthik,"Ravi Teja, Mehreen Pirzada, Vivan Bhatena, Radhika Sarathkumar, Srinivasa Reddy"
Raju Gari Gadhi 2,4.72,2.4,1.7,1.15,0.72,1.16,1.36,0.48,16.67,October,Omkar,"Matinee Entertainments, Oak Entertainments, PVP Cinema",S. Thaman,"Samantha Ruth Prabhu, Nagarjuna Akkineni, Vennela Kishore, Tejaswi Madivada, Rao Ramesh"
Rakshasudu,4.25,1.7,2.05,0.95,0.7,0.98,0.86,0.36,13.3,August,Ramesh Varma,A Studios,Ghibran,"Sai Srinivas Bellamkonda, Anupama Parameswaran, Saravanan, Ammu Abhirami, Rajeev Kanakala"
Rangasthalam,27.6,17.4,13.25,3.2,6.35,7.17,8.5,3.48,122.37,March,Sukumar,Mythri Movie Makers,Devi Sri Prasad,"Ram Charan, Samantha Ruth Prabhu, Aadhi, Jagapathi Babu, V.K. Naresh"
Rangde,3.79,1.4,1.24,0.86,0.59,0.53,0.88,0.44,11.19,March,Venky Atluri,Sithara Entertainments,Devi Sri Prasad,"Nithiin, Keerthy Suresh, V.K. Naresh, Kousalya, Rohini"
Rarandoy Veduka Choodam,9.05,2.85,3.65,2.01,1.32,1.72,1.8,0.68,27.19,May,Kalyan Krishna,Annapurna Studios,Devi Sri Prasad,"Avantika, Rakul Preet Singh, Naga Chaitanya Akkineni, Vennela Kishore, Jagapathi Babu"
RRR,111.65,46.05,35.9,15.95,13.25,14.7,18.15,9.25,616.95,March,S.S. Rajamouli,DVV Entertainment,M.M. Keeravani,"N.T. Rama Rao Jr., Ram Charan, Ajay Devgn, Alia Bhatt, Olivia Morris"
RX100,5.4,1.4,1.6,0.9,0.7,0.7,0.7,0.28,12.83,July,Ajay Bhupathi,"Karthikeya Creative Works, Mango Music",Chaitan Bharadwaj,"Kartikeya Gummakonda, Payal Rajput, Ramki, Rao Ramesh, Karan"
Sahasam Swasaga Sagipo,2.7,0.86,0.7,0.4,0.27,0.47,0.46,0.24,8.38,November,Gautham Vasudev Menon,"Dwaraka Creations, Ondraga Entertainment",A.R. Rahman,"Naga Chaitanya Akkineni, Manjima Mohan, Baba Sehgal, Rakendu Mouli, Daniel Balaji"
Salaar Part 1,60.95,20.6,14.42,9.16,6.2,6.4,7.95,4.02,306.5,December,Prashanth Neel,Hombale Films,Ravi Basrur,"Prabhas, Karthikeya Dev, Prithviraj Sukumaran, Shruti Haasan, Jagapathi Babu"
Sardaar Gabbar Singh,12.05,8.45,4.35,3.8,3.86,2.96,3.97,1.73,52.2,April,Bobby Kolli,"North Star Entertainments, Northstar Entertainment, Pawan Kalyan Creative Works",Devi Sri Prasad,"Pawan Kalyan, Kajal Aggarwal, Sharad Kelkar, Sanjjanaa Galrani, Brahmanandam"
Sarileru Neekevaru,34,15.3,19.63,10.8,7.5,7.7,10,4.05,132.4,January,Anil Ravipudi,"AK Entertainments, G. Mahesh Babu Entertainment, Sri Venkateswara Creations",Devi Sri Prasad,"Mahesh Babu, Rashmika Mandanna, Vijayashanti, Rajendra Prasad, Prakash Raj"
Sarkaru Vaari Paata,30.35,11.25,12.3,7.85,5.85,5.35,7.19,3.25,103.9,May,Parasuram,"14 Reels Plus, G. Mahesh Babu Entertainment, Mythri Movie Makers",S. Thaman,"Mahesh Babu, Keerthy Suresh, Samuthirakani, Nadia Moidu"
Sarrainodu,19.12,10.73,8.05,5.15,4.52,4.08,5.37,2.32,73.37,April,Boyapati Srinu,Geetha Arts,S. Thaman,"Allu Arjun, Aadhi, Rakul Preet Singh, Catherine Tresa, Anjali"
Savyasachi,2.6,1.2,1.22,0.41,0.4,0.67,0.77,0.34,9.52,November,Chandoo Mondeti,Mythri Movie Makers,M.M. Keeravani,"Naga Chaitanya Akkineni, Madhavan, Nidhhi Agerwal, Bhoomika Chawla"
Shyama Singha Roy,8.85,2.3,1.98,0.95,0.82,0.91,1.2,0.75,22.76,December,Rahul Sankrityan,"Niharika Entertainment, B4U Motion Pictures",Mickey J. Meyer,"Nani, Sai Pallavi, Krithi Shetty, Madonna Sebastian, Murli Sharma"
Sita Ramam,8.6,2.25,3.6,1.54,1.18,1.8,1.28,0.73,44.08,August,Hanu Raghavapudi,"Swapna Cinema, Vyjayanthi Movies",Vishal Chandrashekhar,"Dulquer Salmaan, Mrunal Thakur, Rashmika Mandanna, Sumanth, Bhoomika Chawla"
Soggade Chinni Nayana,12.08,7.13,4.04,4.24,2.36,2.85,4.2,1.93,47.47,January,Kalyan Krishna,Annapurna Studios,Anup Rubens,"Nagarjuna Akkineni, Ramya Krishnan, Lavanya Tripathi, Gopal Krishna Akella, Banerjee"
Spyder,9.1,4.4,4,3.8,2.85,2.6,3.58,1.8,62.64,September,A.R. Murugadoss,"Lyca Productions, NVR Cinema",Harris Jayaraj,"Mahesh Babu, Rakul Preet Singh, S.J. Suryah, Veera Ravi Kumar Yalla, Bharath Srinivasan"
Srimanthudu,22.3,9.5,5.63,6.15,4.36,4.37,5.56,2.22,85.1,August,Koratala Siva,"G. Mahesh Babu Entertainment, Mythri Movie Makers, ZEE Entertainment Enterprises",Devi Sri Prasad,"Mahesh Babu, Shruti Haasan, Jagapathi Babu, Rajendra Prasad, Anand"
Srinivasa Kalyanam,5.1,1.4,1.67,0.85,0.55,0.63,0.79,0.33,12.7,August,Satish Vegesna,Sri Venkateswara Creations,Mickey J. Meyer,"Nithiin, Raashi Khanna, Nandita Shwetha, Prakash Raj, V.K. Naresh, Ajay"
Supreme,8.45,3.51,2.97,1.85,1.4,1.41,1.97,0.72,25.48,May,Anil Ravipudi,Sri Venkateswara Creations,Sai Kartheek,"Sai Dharam Tej, Raashi Khanna, Rajendra Prasad, Ravi Kishan, Sai Kumar"
Syeraa Narasimha Reddy,32.25,18.9,16.3,8.3,6.7,7.57,9.65,4.45,144.7,October,Surender Reddy,Konidela Production Company,Julius Packiam,"Chiranjeevi, Amitabh Bachchan, Sudeep, Vijay Sethupathi, Jagapathi Babu"
Tillu Square,22.35,5,4.9,2.74,1.68,2,2.3,1.27,62.4,March,Mallik Ram,"Fortune Four Cinemas, Sithara Entertainments",Ram Miriyala,"Anupama Parameswaran, Sidhu Jonnalagadda, Murli Sharma, Neha Shetty, Brahmaji"
The Family Star,1.5,0.45,0.38,0.22,0.14,0.15,0.4,0.17,5.98,April,Parasuram,"Dil Raju Productions, Sri Venkateshwara Creations",Gopi Sundar,"Mrunal Thakur, Vijay Deverakonda, Jayaram, Vennela Kishore, Kalyani Natarajan"
Thikka,1.55,0.94,0.48,0.39,0.31,0.35,0.39,0.22,4.88,August,Sunil K. Reddy,Sri Venkateswara Movie Makers,S. Thaman,"Sai Dharam Tej, Larissa Bonesi, Rajendra Prasad, Mannara Chopra, Thagubothu Ramesh"
Uppena,14.7,7.9,8.55,5.06,2.8,3.16,2.98,1.85,50.6,February,Buchi Babu Sana,"Mythri Movie Makers, Sukumar Writings",Devi Sri Prasad,"Panja Vaisshnav Tej, Krithi Shetty, Vijay Sethupathi, Gayatri Jayaraman, Sai Chand"
U Turn,2.2,0.5,0.7,0.36,0.3,0.55,0.4,0.2,9.44,September,Pawan Kumar,"Pawan Kumar Studios, Srinivasaa Silver Screen, V.Y. Combines",Poornachandra Tejaswi,"Samantha Ruth Prabhu, Aadhi, Bhoomika Chawla, Rahul Ravindran, Narain"
Vakeel Saab,24.25,12.7,11.55,6.3,7.35,4.65,7.4,3.2,127.2,April,Venu Sriram,"Sri Venkateswara Creations, Bayview Projects",S. Thaman,"Pawan Kalyan, Nivetha Thomas, Anjali, Ananya Nagalla, Prakash Raj"
Veera Simha Reddy,17.25,15.2,8.85,5.84,4.25,4.75,7.37,3.08,77.06,January,Gopichand Malineni,Mythri Movie Makers,S. Thaman,"Nandamuri Balakrishna, Shruti Haasan, Honey Rose, Duniya Vijay, Varalaxmi Sarathkumar"
Venky Mama,12.83,4.3,4.15,2.42,1.55,1.78,2.23,1.05,35.83,December,Bobby Kolli,"People Media Factory, Suresh Productions",JD,"Raashi Khanna, Naga Chaitanya Akkineni, Payal Rajput, Nassar, Prakash Raj"
Vineya Vidheya Rama,12.6,11.8,8.3,5.31,4.45,3.73,6.26,2.85,62.53,January,Boyapati Srinu,DVV Entertainment,Devi Sri Prasad,"Ram Charan, Vivek Oberoi, Kiara Advani, Mahesh Manjrekar, Prashanth"
Virupaksha,15.35,5.35,5.05,2.44,1.74,2.32,2.33,1.15,44.26,April,Karthik Varma Dandu,"Sri Venkateswara Cine Chitra, Sukumar Writings",B. Ajaneesh Loknath,"Sai Dharam Tej, Samyuktha Menon, Sunil, Rajeev Kanakala, Brahmaji"
Waltair Veerayya,35.8,17.9,19.95,11.15,6.4,7.8,8.85,4.76,136.48,January,Bobby Kolli,Mythri Movie Makers,Devi Sri Prasad,"Chiranjeevi, Ravi Teja, Shruti Haasan, Catherine Tresa, Bobby Simha"
Winner,3.8,2.05,1.46,1.19,0.83,0.79,1.02,0.44,13.08,February,Gopichand Malineni,"Light House Movie Makers, Sri Lakshmi Narasimha Productions",S. Thaman,"Sai Dharam Tej, Rakul Preet Singh, Jagapathi Babu, Adarsh, Sonia Agarwal"
Varudu,5.65,3.22,1.32,0.96,0.82,0.94,1.34,0.74,18.05,March,Gunasekhar,"Thameens, Universal Media",Mani Sharma,"Allu Arjun, Arya, Bhanu Sri Mehra, Suhasini, Ashish Vidyarthi"
Darling,6.23,2.21,3.65,2.14,2.65,2.41,2.06,1.02,22.91,April,A. Karunakaran,"Goldmines Telefilms, Sri Venkateswara Cine Chitra",G.V. Prakash Kumar,"Prabhas, Kajal Aggarwal, Prabhu, Tulasi, Shraddha Das"
Simha,7.05,7.6,3.47,1.63,1.75,1.98,3.7,1.42,31.2,April,Boyapati Srinu,"United Movies, Goldmines Telefilms",Chakri,"Nandamuri Balakrishna, Nayanthara, Sneha Ullal, Namitha, Rehman"
Oka Laila Kosam,3.8,1.5,1.5,0.7,0.5,0.62,0.9,0.38,12.25,October,Vijay Kumar Konda,Annapurna Studios,Anup Rubens,"Naga Chaitanya Akkineni, Pooja Hegde, Suman, Sayaji Shinde, Mohammad Ali"
Pushpaka Vimanam,0.4,0.2,0.19,0.12,0.1,0.08,0.1,0.06,1.6,November,Damodara,"King of the Hill, Tanga Productions",Amit N. Dasani,"Ajay, Bhadram, Varsha Bollamma, Harsha Chemudu, Anand Deverakonda"
Raja Vikramarka,0.55,0.3,0.3,0.2,0.15,0.15,0.2,0.1,2.3,November,Sri Saripalli,Sree Chitra Movie Makers,Prashanth Vihari,"Kartikeya Gummakonda, Tanya S Ravichandran, Sudhakar Komakula, Sai Kumar"
Manchi Rojulochaie,1.22,0.49,0.3,0.15,0.1,0.15,0.23,0.12,3.08,November,Maruthi Dasari,"Mass Movie Makers, UV Concepts, V Celluloid",Anup Rubens,"Harsha Chemudu, Ajay Ghosh, Srikanth Iyengar, Vennela Kishore, Mehreen Pirzada"
Pelli SandaD,1.5,1.7,1.3,0.6,0.45,0.55,0.6,0.3,7.5,October,Gowri Ronanki,"Arka Mediaworks, RK Film Associates",M.M. Keeravani,"Tanikella Bharani, Kiriti Dharmaraju, Vennela Kishore, Krishna Murali Posani, Rajendra Prasad"
Taxiwaala,8,1.85,1.9,0.95,0.85,1.15,1.2,0.5,21.55,November,Rahul Sankrityan,"GA2 Pictures, UV Creations",Jakes Bejoy,"Vijay Deverakonda, Priyanka Jawalkar, Malvika Nair, Madhunandan, Yamuna"
100% Love,6.05,2.5,1.9,1.42,1.28,1.07,1.22,0.68,18.11,May,Sukumar,Geetha Arts,Devi Sri Prasad,"Naga Chaitanya Akkineni, Tamannaah Bhatia, Tara Alisha, K.R. Vijaya, Vijayakumar"
